"boundary","p.saf.min","p.saf.max","p.tox.min","p.tox.max","sim.freq","target","ncohort","cohortsize"
"4, 0, 1, 2, 8, 0, 1, 3, 12, 0, 2, 3",2.81058902121149e-06,0.0684701942425363,0.110007274667993,0.153233545830645,7436,0.1,10,4
"4, 0, 1, 2, 8, 0, 2, 3, 12, 0, 2, 3",3.80440234676935e-06,0.068460917068251,0.153242468156032,0.251739908145662,16782,0.1,10,4
"4, 0, 1, 2, 8, 0, 2, 3, 12, 0, 3, 3",5.234842541744e-06,0.0684679738320405,0.251756803546008,0.458089668492254,35211,0.1,10,4
"4, 0, 2, 2, 8, 0, 3, 3, 12, 0, 3, 3",2.04141047601588e-06,0.0684713686624115,0.458094867157571,0.999996707169705,92644,0.1,10,4
"4, 0, 1, 2, 8, 0, 1, 3, 12, 1, 2, 3",0.0684736521000996,0.089994806604195,0.110009729517612,0.153196345272122,2385,0.1,10,4
"4, 0, 1, 2, 8, 0, 2, 3, 12, 1, 2, 3",0.0684794239892669,0.0899982082564971,0.153277574705827,0.251735005571042,5283,0.1,10,4
"4, 0, 1, 2, 8, 0, 2, 3, 12, 1, 3, 3",0.0684732246001823,0.0899972663410701,0.251756713021464,0.458082126037523,11075,0.1,10,4
"4, 0, 2, 2, 8, 0, 3, 3, 12, 1, 3, 3",0.068476181150588,0.089997850000344,0.458109084959246,0.999963714326107,29186,0.1,10,4
