"boundary","p.saf.min","p.saf.max","p.tox.min","p.tox.max","sim.freq","target","ncohort","cohortsize","cutoff.eli"
"3, 0, 1, 1, 6, 0, 1, 1, 9, 0, 1, 1, 12, 0, 2, 2",2.04141047601588e-06,0.0684713686624115,0.110007274667993,0.999996707169705,152073,0.1,10,3,0.7
"3, 0, 1, 1, 6, 0, 1, 1, 9, 0, 1, 1, 12, 1, 2, 2",0.0684732246001823,0.0899982082564971,0.110009729517612,0.999963714326107,47929,0.1,10,3,0.7
