"boundary","p.saf.min","p.saf.max","p.tox.min","p.tox.max","sim.freq","target","ncohort","cohortsize","cutoff.eli"
"3, 0, 1, 1, 6, 0, 1, 1, 9, 0, 1, 2, 12, 0, 2, 2",3.55231686097104e-06,0.0684028995715756,0.110001743660252,0.122908045226855,2311,0.1,10,3,0.8
"3, 0, 1, 1, 6, 0, 1, 1, 9, 0, 2, 2, 12, 0, 2, 2",8.78701970446855e-08,0.0684712995117795,0.122911393377705,0.999996076012466,150087,0.1,10,3,0.8
"3, 0, 1, 1, 6, 0, 1, 1, 9, 0, 1, 2, 12, 1, 2, 2",0.0684818821196123,0.0899691399617819,0.110001392458548,0.122908282015593,708,0.1,10,3,0.8
"3, 0, 1, 1, 6, 0, 1, 1, 9, 0, 2, 2, 12, 1, 2, 2",0.0684718346724788,0.0899990294959222,0.122914023828175,0.999979839010542,46896,0.1,10,3,0.8
