"boundary","p.saf.min","p.saf.max","p.tox.min","p.tox.max","sim.freq","target","ncohort","cohortsize","cutoff.eli"
"3, 0, 1, 1, 6, 0, 1, 2, 9, 0, 1, 2, 12, 0, 2, 3",4.09034137430135e-06,0.068470242252167,0.110009195799986,0.122910893816331,2191,0.1,10,3,0.9
"3, 0, 1, 1, 6, 0, 1, 2, 9, 0, 2, 2, 12, 0, 2, 3",7.02796266765799e-06,0.0684661790122525,0.122914454238855,0.251730069887908,22107,0.1,10,3,0.9
"3, 0, 1, 1, 6, 0, 2, 2, 9, 0, 2, 2, 12, 0, 3, 3",1.86729989480227e-08,0.0684714243321628,0.251749119227582,0.99999741062085,127644,0.1,10,3,0.9
"3, 0, 1, 1, 6, 0, 1, 2, 9, 0, 1, 2, 12, 1, 2, 3",0.0684954612781153,0.0899906584743127,0.110025936135141,0.122897017577173,681,0.1,10,3,0.9
"3, 0, 1, 1, 6, 0, 1, 2, 9, 0, 2, 2, 12, 1, 2, 3",0.0684720629626966,0.089998579946965,0.122931607382695,0.251739030770046,7037,0.1,10,3,0.9
"3, 0, 1, 1, 6, 0, 2, 2, 9, 0, 2, 2, 12, 1, 3, 3",0.0684723170272409,0.0899993200449918,0.251753594325188,0.99998306122331,40342,0.1,10,3,0.9
